{

  "greedy":{

          "name" : "greedy",
          "description" : "Greedy Atlas Parameters",
          "table": {
               "title": "Greedy Atlas Scale Level",
               "columns" : [

                    { "name": "scale_level", "label": "Scale Level", "field": "scale_level" },
                    { "name": "n_iterations", "label": "Number of Iterations", "field": "n_iterations" },
                    { "name": "alpha", "label": "Alpha", "field": "alpha" },
                    { "name": "beta", "label": "Beta", "field": "beta" },
                    { "name": "gamma", "label": "Gamma", "field": "gamma" },
                    { "name": "max_perturbation", "label": "Max Perturbation", "field": "max_perturbation" }

                ],
                "rows" : [
                    {
                      "scale_level" : 4,
                      "n_iterations" : 150,
                      "alpha" : 1.0,
                      "beta" : 1.0,
                      "gamma" : 0.0001,
                      "max_perturbation": 0.001
                    },
                    {
                      "scale_level" : 2,
                      "n_iterations" : 120,
                      "alpha" : 1.0,
                      "beta" : 1.0,
                      "gamma" : 0.001,
                      "max_perturbation": 0.01
                    },
                    {
                      "scale_level" : 1,
                      "n_iterations" : 100,
                      "alpha" : 0.1,
                      "beta" : 0.1,
                      "gamma" : 0.01,
                      "max_perturbation": 0.1
                    }
                ]
          }
  }
}